{
  "S1": 19467.31722354889,
  "S2": 5.1407440343332345e-05,
  "S3": 85507.36829969619,
  "V1": 18837.620849609375,
  "V2": 18743.95426997432,
  "V3": 0.000598157675769266,
  "V5_READ": 18480.89826107025,
  "V5_WRITE": 18249.884486198425,
  "C1": 96826.57275881086,
  "C2": 30690.31298282894,
  "C4_WRITE": 447996.4172363281,
  "C4_READ": 53761.79828643799,
  "M1": 21.00332070781729,
  "M2": 16.26564908776563,
  "M3": 18.30921076562372,
  "M4": 18.199246537419505,
  "M5": 43.7866396830787,
  "M6": 247224.24697875977,
  "M8": 61558.44059492528,
  "C3": 0,
  "C5": "See cube_results.json for scaling curves"
}