{
  "S1": 18130.674453008745,
  "S2": 2236.3411865234375,
  "S3": 92304.3081665039,
  "V1": 17209.63473977714,
  "V2": 17933.95267214094,
  "V3": 92.3822135925293,
  "V5_READ": 1.9991145730018616,
  "V5_WRITE": 1.8725000023841858,
  "C1": 10.118802070617676,
  "C2": 36.09990882873535,
  "C4_READ": 53.59779930114746,
  "C4_WRITE": 449.0693817138672,
  "M1": 0.183229498565197,
  "M2": 0.2030855044722557,
  "M3": 16.377187728881836,
  "M4": 16.380000114440918,
  "M5": 4.620285987854004,
  "M6": 110.89800643920898,
  "M8": 40808.08101334721
}