{
  "S1": 21124.837062669838,
  "S2": 3.839583135259135e-05,
  "S3": 90101.3164651805,
  "V1": 20973.057746887207,
  "V2": 21135.278930664062,
  "V3": 3.825120440960464e-05,
  "V5_READ": 22014.633417129517,
  "V5_WRITE": 20843.39416027069
}