benchmark,device,blocks,size_bytes,repeat,total_us,baseline_us,adjusted_us,raw_slope_us,raw_intercept_us,raw_r2,adjusted_slope_us,adjusted_intercept_us,adjusted_r2
mte_startup_latency,0,4,65536,500,156.507,31.1472,125.36,0.28455,11.848,0.999986,0.27464,-8.55963,0.999973
mte_startup_latency,0,4,65536,1000,295.143,25.5572,269.586,0.28455,11.848,0.999986,0.27464,-8.55963,0.999973
mte_startup_latency,0,4,65536,2500,720.943,42.3913,678.551,0.28455,11.848,0.999986,0.27464,-8.55963,0.999973
mte_startup_latency,0,4,65536,5000,1435.75,71.7324,1364.02,0.28455,11.848,0.999986,0.27464,-8.55963,0.999973
