benchmark,device,blocks,size_bytes,repeat,total_us,baseline_us,adjusted_us,raw_slope_us,raw_intercept_us,raw_r2,adjusted_slope_us,adjusted_intercept_us,adjusted_r2
mte_granularity,0,1,65536,1000,133.273,5.833,127.441,0.129465,2.87642,0.999998,0.129483,-2.85623,0.999998
mte_granularity,0,1,65536,2000,260.895,5.617,255.278,0.129465,2.87642,0.999998,0.129483,-2.85623,0.999998
mte_granularity,0,1,65536,5000,649.985,5.5595,644.426,0.129465,2.87642,0.999998,0.129483,-2.85623,0.999998
mte_granularity,0,1,65536,10000,1297.73,5.6015,1292.13,0.129465,2.87642,0.999998,0.129483,-2.85623,0.999998
