benchmark,device,blocks,size_bytes,repeat,total_us,baseline_us,adjusted_us,raw_slope_us,raw_intercept_us,raw_r2,adjusted_slope_us,adjusted_intercept_us,adjusted_r2
mte_startup_latency,0,4,65536,1000,176.829,5.84099,170.988,0.173623,2.61022,0.999999,0.171242,-0.565445,1
mte_startup_latency,0,4,65536,2000,349.147,7.72201,341.425,0.173623,2.61022,0.999999,0.171242,-0.565445,1
mte_startup_latency,0,4,65536,5000,870.783,14.913,855.87,0.173623,2.61022,0.999999,0.171242,-0.565445,1
mte_startup_latency,0,4,65536,10000,1738.89,27.083,1711.81,0.173623,2.61022,0.999999,0.171242,-0.565445,1
