benchmark,device,blocks,size_bytes,repeat,total_us,baseline_us,adjusted_us,raw_slope_us,raw_intercept_us,raw_r2,adjusted_slope_us,adjusted_intercept_us,adjusted_r2
mte_startup_latency,0,1,65536,1000,129.744,5.874,123.87,0.125397,3.01359,0.999995,0.123062,0.285201,0.999999
mte_startup_latency,0,1,65536,2000,252.68,6.70149,245.979,0.125397,3.01359,0.999995,0.123062,0.285201,0.999999
mte_startup_latency,0,1,65536,5000,629.402,14.0565,615.345,0.125397,3.01359,0.999995,0.123062,0.285201,0.999999
mte_startup_latency,0,1,65536,10000,1257.37,26.3065,1231.07,0.125397,3.01359,0.999995,0.123062,0.285201,0.999999
