benchmark,device,blocks,size_bytes,repeat,total_us,baseline_us,adjusted_us,raw_slope_us,raw_intercept_us,raw_r2,adjusted_slope_us,adjusted_intercept_us,adjusted_r2
mte_granularity,0,4,65536,1000,134.692,5.86801,128.824,0.132367,2.29306,1,0.132327,-3.4622,1
mte_granularity,0,4,65536,2000,266.886,5.78149,261.105,0.132367,2.29306,1,0.132327,-3.4622,1
mte_granularity,0,4,65536,5000,664.299,5.9095,658.39,0.132367,2.29306,1,0.132327,-3.4622,1
mte_granularity,0,4,65536,10000,1325.91,6.18051,1319.73,0.132367,2.29306,1,0.132327,-3.4622,1
