benchmark,device,blocks,size_bytes,repeat,total_us,baseline_us,adjusted_us,raw_slope_us,raw_intercept_us,raw_r2,adjusted_slope_us,adjusted_intercept_us,adjusted_r2
mte_copy_bw,0,4,65536,1000,145.988,5.73301,140.254,0.143868,1.70322,1,0.140806,-0.8969,1
mte_copy_bw,0,4,65536,2000,288.945,8.43151,280.514,0.143868,1.70322,1,0.140806,-0.8969,1
mte_copy_bw,0,4,65536,5000,721.087,18.2585,702.829,0.143868,1.70322,1,0.140806,-0.8969,1
mte_copy_bw,0,4,65536,10000,1440.42,33.1075,1407.32,0.143868,1.70322,1,0.140806,-0.8969,1
