benchmark,device,blocks,size_bytes,repeat,total_us,baseline_us,adjusted_us,raw_slope_us,raw_intercept_us,raw_r2,adjusted_slope_us,adjusted_intercept_us,adjusted_r2
mte_copy_bw,0,4,65536,500,78.6415,21.3971,57.2444,0.134956,11.0596,0.999996,0.123615,-4.02332,0.999988
mte_copy_bw,0,4,65536,1000,146.377,25.6882,120.689,0.134956,11.0596,0.999996,0.123615,-4.02332,0.999988
mte_copy_bw,0,4,65536,2500,347.684,43.4552,304.229,0.134956,11.0596,0.999996,0.123615,-4.02332,0.999988
mte_copy_bw,0,4,65536,5000,686.139,71.8625,614.277,0.134956,11.0596,0.999996,0.123615,-4.02332,0.999988
