benchmark,device,blocks,size_bytes,repeat,total_us,baseline_us,adjusted_us,raw_slope_us,raw_intercept_us,raw_r2,adjusted_slope_us,adjusted_intercept_us,adjusted_r2
mte_granularity,0,4,65536,500,86.8615,25.4432,61.4183,0.144141,7.89236,0.998868,0.145376,-13.6912,0.99919
mte_granularity,0,4,65536,1000,153.142,16.4221,136.72,0.144141,7.89236,0.998868,0.145376,-13.6912,0.99919
mte_granularity,0,4,65536,2500,354.051,16.7191,337.332,0.144141,7.89236,0.998868,0.145376,-13.6912,0.99919
mte_granularity,0,4,65536,5000,734.78,16.6341,718.146,0.144141,7.89236,0.998868,0.145376,-13.6912,0.99919
