benchmark,device,blocks,size_bytes,repeat,total_us,baseline_us,adjusted_us,raw_slope_us,raw_intercept_us,raw_r2,adjusted_slope_us,adjusted_intercept_us,adjusted_r2
mte_copy_bw,0,1,65536,1000,140.459,6.524,133.935,0.136719,2.6788,0.999997,0.133681,-0.322935,0.999999
mte_copy_bw,0,1,65536,2000,275.31,8.429,266.881,0.136719,2.6788,0.999997,0.133681,-0.322935,0.999999
mte_copy_bw,0,1,65536,5000,685.65,18.355,667.295,0.136719,2.6788,0.999997,0.133681,-0.322935,0.999999
mte_copy_bw,0,1,65536,10000,1370.23,33.3775,1336.85,0.136719,2.6788,0.999997,0.133681,-0.322935,0.999999
