benchmark,device,blocks,size_bytes,repeat,total_us,baseline_us,adjusted_us,raw_slope_us,raw_intercept_us,raw_r2,adjusted_slope_us,adjusted_intercept_us,adjusted_r2
scalar_branch_overhead,0,4,65536,500,21.2211,17.3051,3.916,0.0105653,15.2362,0.998657,0.0106776,-1.92332,0.999246
scalar_branch_overhead,0,4,65536,1000,25.6661,16.9651,8.701,0.0105653,15.2362,0.998657,0.0106776,-1.92332,0.999246
scalar_branch_overhead,0,4,65536,2500,40.6023,16.6471,23.9552,0.0105653,15.2362,0.998657,0.0106776,-1.92332,0.999246
scalar_branch_overhead,0,4,65536,5000,68.5434,16.7101,51.8333,0.0105653,15.2362,0.998657,0.0106776,-1.92332,0.999246
