benchmark,device,blocks,size_bytes,repeat,total_us,baseline_us,adjusted_us,raw_slope_us,raw_intercept_us,raw_r2,adjusted_slope_us,adjusted_intercept_us,adjusted_r2
scalar_branch_overhead,0,4,65536,1000,6.0605,5.515,0.545496,0.00297156,2.56512,0.998731,0.00291677,-2.8962,0.998608
scalar_branch_overhead,0,4,65536,2000,8.04449,5.64451,2.39999,0.00297156,2.56512,0.998731,0.00291677,-2.8962,0.998608
scalar_branch_overhead,0,4,65536,5000,17.222,5.61949,11.6025,0.00297156,2.56512,0.998731,0.00291677,-2.8962,0.998608
scalar_branch_overhead,0,4,65536,10000,32.4215,6.0525,26.369,0.00297156,2.56512,0.998731,0.00291677,-2.8962,0.998608
