benchmark,device,blocks,size_bytes,repeat,total_us,baseline_us,adjusted_us,raw_slope_us,raw_intercept_us,raw_r2,adjusted_slope_us,adjusted_intercept_us,adjusted_r2
scalar_arith_latency,0,4,65536,500,25.6862,26.2671,-0.580896,0.0054847,22.4772,0.995646,0.00114042,-1.29811,0.932142
scalar_arith_latency,0,4,65536,1000,27.0142,26.7642,0.25,0.0054847,22.4772,0.995646,0.00114042,-1.29811,0.932142
scalar_arith_latency,0,4,65536,2500,36.8652,36.2292,0.635999,0.0054847,22.4772,0.995646,0.00114042,-1.29811,0.932142
scalar_arith_latency,0,4,65536,5000,49.7054,44.9392,4.7662,0.0054847,22.4772,0.995646,0.00114042,-1.29811,0.932142
