benchmark,device,blocks,size_bytes,repeat,total_us,baseline_us,adjusted_us,raw_slope_us,raw_intercept_us,raw_r2,adjusted_slope_us,adjusted_intercept_us,adjusted_r2
scalar_branch_overhead,0,1,65536,1000,7.4085,5.57201,1.83649,0.00282588,3.22955,0.990714,0.00279438,-2.21636,0.991781
scalar_branch_overhead,0,1,65536,2000,7.6825,5.41799,2.2645,0.00282588,3.22955,0.990714,0.00279438,-2.21636,0.991781
scalar_branch_overhead,0,1,65536,5000,16.8415,5.5785,11.263,0.00282588,3.22955,0.990714,0.00279438,-2.21636,0.991781
scalar_branch_overhead,0,1,65536,10000,31.8515,5.78199,26.0695,0.00282588,3.22955,0.990714,0.00279438,-2.21636,0.991781
