benchmark,device,blocks,size_bytes,repeat,total_us,baseline_us,adjusted_us,raw_slope_us,raw_intercept_us,raw_r2,adjusted_slope_us,adjusted_intercept_us,adjusted_r2
scalar_arith_latency,0,4,65536,1000,5.73251,5.567,0.165503,0.0015857,3.54874,0.993642,0.00157812,-1.8489,0.995549
scalar_arith_latency,0,4,65536,2000,6.34401,5.20551,1.1385,0.0015857,3.54874,0.993642,0.00157812,-1.8489,0.995549
scalar_arith_latency,0,4,65536,5000,11.0025,5.476,5.5265,0.0015857,3.54874,0.993642,0.00157812,-1.8489,0.995549
scalar_arith_latency,0,4,65536,10000,19.6585,5.4785,14.18,0.0015857,3.54874,0.993642,0.00157812,-1.8489,0.995549
