benchmark,device,blocks,size_bytes,repeat,total_us,baseline_us,adjusted_us,raw_slope_us,raw_intercept_us,raw_r2,adjusted_slope_us,adjusted_intercept_us,adjusted_r2
scalar_arith_latency,0,1,65536,1000,7.0295,6.25699,0.77251,0.00148865,4.51446,0.974421,0.00156777,-1.81348,0.978075
scalar_arith_latency,0,1,65536,2000,7.0475,6.1985,0.848999,0.00148865,4.51446,0.974421,0.00156777,-1.81348,0.978075
scalar_arith_latency,0,1,65536,5000,10.821,5.8715,4.9495,0.00148865,4.51446,0.974421,0.00156777,-1.81348,0.978075
scalar_arith_latency,0,1,65536,10000,19.9555,5.56051,14.395,0.00148865,4.51446,0.974421,0.00156777,-1.81348,0.978075
