benchmark,device,blocks,size_bytes,adjusted_slope_us,adjusted_intercept_us,adjusted_r2,raw_slope_us,raw_intercept_us,raw_r2
mte_copy_bw,0,4,65536,0.140806,-0.8969,1,0.143868,1.70322,1
mte_granularity,0,4,65536,0.132327,-3.4622,1,0.132367,2.29306,1
mte_startup_latency,0,4,65536,0.171242,-0.565445,1,0.173623,2.61022,0.999999
vector_add_latency,0,4,65536,0.0182094,0.373229,0.999971,0.0205551,3.4913,0.999991
vector_mul_latency,0,4,65536,0.01878,0.435624,0.999982,0.0211535,3.32273,0.99997
vector_throughput,0,4,65536,0.0727343,-0.70251,0.999998,0.07509,2.2785,0.999999
vector_pipeline_depth,0,4,65536,0.0175077,1.00838,0.999986,0.0204738,3.93053,0.999981
scalar_arith_latency,0,4,65536,0.00157812,-1.8489,0.995549,0.0015857,3.54874,0.993642
scalar_branch_overhead,0,4,65536,0.00291677,-2.8962,0.998608,0.00297156,2.56512,0.998731
