benchmark,device,blocks,size_bytes,adjusted_slope_us,adjusted_intercept_us,adjusted_r2,raw_slope_us,raw_intercept_us,raw_r2
mte_copy_bw,0,4,65536,0.123615,-4.02332,0.999988,0.134956,11.0596,0.999996
mte_granularity,0,4,65536,0.145376,-13.6912,0.99919,0.144141,7.89236,0.998868
mte_startup_latency,0,4,65536,0.27464,-8.55963,0.999973,0.28455,11.848,0.999986
scalar_arith_latency,0,4,65536,0.00114042,-1.29811,0.932142,0.0054847,22.4772,0.995646
scalar_branch_overhead,0,4,65536,0.0106776,-1.92332,0.999246,0.0105653,15.2362,0.998657
vector_add_latency,0,4,65536,0.0223987,-2.41058,0.999834,0.0335403,13.3207,0.999681
vector_mul_latency,0,4,65536,0.0236493,-3.0948,0.999048,0.0324505,18.7508,0.999047
vector_pipeline_depth,0,4,65536,0.0228295,-3.45364,0.999825,0.0338087,12.4367,0.999906
vector_throughput,0,4,65536,0.114229,-3.18562,0.999999,0.125253,13.4481,0.99993
