benchmark,device,blocks,size_bytes,repeat,total_us,baseline_us,adjusted_us,raw_slope_us,raw_intercept_us,raw_r2,adjusted_slope_us,adjusted_intercept_us,adjusted_r2
vector_throughput,0,1,65536,1000,78.565,5.86901,72.696,0.0750192,2.65439,0.999993,0.0726735,-0.174501,0.999997
vector_throughput,0,1,65536,2000,152.185,6.7885,145.396,0.0750192,2.65439,0.999993,0.0726735,-0.174501,0.999997
vector_throughput,0,1,65536,5000,376.959,14.4785,362.48,0.0750192,2.65439,0.999993,0.0726735,-0.174501,0.999997
vector_throughput,0,1,65536,10000,753.255,26.4025,726.853,0.0750192,2.65439,0.999993,0.0726735,-0.174501,0.999997
