benchmark,device,blocks,size_bytes,repeat,total_us,baseline_us,adjusted_us,raw_slope_us,raw_intercept_us,raw_r2,adjusted_slope_us,adjusted_intercept_us,adjusted_r2
vector_add_latency,0,4,65536,500,31.4822,23.1642,8.31799,0.0335403,13.3207,0.999681,0.0223987,-2.41058,0.999834
vector_add_latency,0,4,65536,1000,46.0343,25.2591,20.7752,0.0335403,13.3207,0.999681,0.0223987,-2.41058,0.999834
vector_add_latency,0,4,65536,2500,95.9896,42.8153,53.1743,0.0335403,13.3207,0.999681,0.0223987,-2.41058,0.999834
vector_add_latency,0,4,65536,5000,181.639,71.9605,109.679,0.0335403,13.3207,0.999681,0.0223987,-2.41058,0.999834
