benchmark,device,blocks,size_bytes,repeat,total_us,baseline_us,adjusted_us,raw_slope_us,raw_intercept_us,raw_r2,adjusted_slope_us,adjusted_intercept_us,adjusted_r2
vector_mul_latency,0,4,65536,500,37.4543,28.0462,9.40809,0.0324505,18.7508,0.999047,0.0236493,-3.0948,0.999048
vector_mul_latency,0,4,65536,1000,49.1553,30.3782,18.7771,0.0324505,18.7508,0.999047,0.0236493,-3.0948,0.999048
vector_mul_latency,0,4,65536,2500,98.6896,41.0382,57.6514,0.0324505,18.7508,0.999047,0.0236493,-3.0948,0.999048
vector_mul_latency,0,4,65536,5000,181.758,67.1304,114.628,0.0324505,18.7508,0.999047,0.0236493,-3.0948,0.999048
