benchmark,device,blocks,size_bytes,repeat,total_us,baseline_us,adjusted_us,raw_slope_us,raw_intercept_us,raw_r2,adjusted_slope_us,adjusted_intercept_us,adjusted_r2
vector_mul_latency,0,4,65536,1000,25.0455,5.45751,19.588,0.0211535,3.32273,0.99997,0.01878,0.435624,0.999982
vector_mul_latency,0,4,65536,2000,45.1515,7.5755,37.576,0.0211535,3.32273,0.99997,0.01878,0.435624,0.999982
vector_mul_latency,0,4,65536,5000,108.83,14.494,94.3365,0.0211535,3.32273,0.99997,0.01878,0.435624,0.999982
vector_mul_latency,0,4,65536,10000,215.026,26.7445,188.282,0.0211535,3.32273,0.99997,0.01878,0.435624,0.999982
