benchmark,device,blocks,size_bytes,repeat,total_us,baseline_us,adjusted_us,raw_slope_us,raw_intercept_us,raw_r2,adjusted_slope_us,adjusted_intercept_us,adjusted_r2
vector_pipeline_depth,0,1,65536,1000,25.247,6.59449,18.6525,0.0204453,4.11593,0.999954,0.0174952,1.2646,0.999998
vector_pipeline_depth,0,1,65536,2000,44.447,8.047,36.4,0.0204453,4.11593,0.999954,0.0174952,1.2646,0.999998
vector_pipeline_depth,0,1,65536,5000,106.004,17.3015,88.702,0.0204453,4.11593,0.999954,0.0174952,1.2646,0.999998
vector_pipeline_depth,0,1,65536,10000,208.782,32.564,176.218,0.0204453,4.11593,0.999954,0.0174952,1.2646,0.999998
