benchmark,device,blocks,size_bytes,repeat,total_us,baseline_us,adjusted_us,raw_slope_us,raw_intercept_us,raw_r2,adjusted_slope_us,adjusted_intercept_us,adjusted_r2
vector_mul_latency,0,1,65536,1000,25.622,5.93049,19.6915,0.0210496,3.47925,0.99989,0.0187233,0.670718,0.99999
vector_mul_latency,0,1,65536,2000,44.62,6.78151,37.8385,0.0210496,3.47925,0.99989,0.0187233,0.670718,0.99999
vector_mul_latency,0,1,65536,5000,108.293,14.0955,94.198,0.0210496,3.47925,0.99989,0.0187233,0.670718,0.99999
vector_mul_latency,0,1,65536,10000,214.275,26.3005,187.975,0.0210496,3.47925,0.99989,0.0187233,0.670718,0.99999
