benchmark,device,blocks,size_bytes,repeat,total_us,baseline_us,adjusted_us,raw_slope_us,raw_intercept_us,raw_r2,adjusted_slope_us,adjusted_intercept_us,adjusted_r2
vector_throughput,0,4,65536,1000,77.7465,6.1855,71.561,0.07509,2.2785,0.999999,0.0727343,-0.70251,0.999998
vector_throughput,0,4,65536,2000,152.127,6.912,145.215,0.07509,2.2785,0.999999,0.0727343,-0.70251,0.999998
vector_throughput,0,4,65536,5000,377.579,14.48,363.098,0.07509,2.2785,0.999999,0.0727343,-0.70251,0.999998
vector_throughput,0,4,65536,10000,753.282,26.7485,726.534,0.07509,2.2785,0.999999,0.0727343,-0.70251,0.999998
