benchmark,device,blocks,size_bytes,repeat,total_us,baseline_us,adjusted_us,raw_slope_us,raw_intercept_us,raw_r2,adjusted_slope_us,adjusted_intercept_us,adjusted_r2
vector_add_latency,0,4,65536,1000,24.3315,6.2105,18.121,0.0205551,3.4913,0.999991,0.0182094,0.373229,0.999971
vector_add_latency,0,4,65536,2000,44.2825,7.19601,37.0865,0.0205551,3.4913,0.999991,0.0182094,0.373229,0.999971
vector_add_latency,0,4,65536,5000,106.264,14.4835,91.7805,0.0205551,3.4913,0.999991,0.0182094,0.373229,0.999971
vector_add_latency,0,4,65536,10000,209.079,26.804,182.275,0.0205551,3.4913,0.999991,0.0182094,0.373229,0.999971
