benchmark,device,blocks,size_bytes,repeat,total_us,baseline_us,adjusted_us,raw_slope_us,raw_intercept_us,raw_r2,adjusted_slope_us,adjusted_intercept_us,adjusted_r2
vector_add_latency,0,1,65536,1000,25.4555,6.301,19.1545,0.0204305,3.7672,0.999845,0.0180898,-0.701945,0.998772
vector_add_latency,0,1,65536,2000,43.4915,7.674,35.8175,0.0204305,3.7672,0.999845,0.0180898,-0.701945,0.998772
vector_add_latency,0,1,65536,5000,105.474,19.4515,86.023,0.0204305,3.7672,0.999845,0.0180898,-0.701945,0.998772
vector_add_latency,0,1,65536,10000,208.396,26.5835,181.813,0.0204305,3.7672,0.999845,0.0180898,-0.701945,0.998772
