benchmark,device,blocks,size_bytes,repeat,total_us,baseline_us,adjusted_us,raw_slope_us,raw_intercept_us,raw_r2,adjusted_slope_us,adjusted_intercept_us,adjusted_r2
vector_pipeline_depth,0,4,65536,1000,24.729,6.2295,18.4995,0.0204738,3.93053,0.999981,0.0175077,1.00838,0.999986
vector_pipeline_depth,0,4,65536,2000,44.8165,8.54449,36.272,0.0204738,3.93053,0.999981,0.0175077,1.00838,0.999986
vector_pipeline_depth,0,4,65536,5000,105.814,17.6345,88.1795,0.0204738,3.93053,0.999981,0.0175077,1.00838,0.999986
vector_pipeline_depth,0,4,65536,10000,208.892,32.6705,176.221,0.0204738,3.93053,0.999981,0.0175077,1.00838,0.999986
